{
    "scaler": "none",
    "depth": 6,
    "learning_rate": 0.29331893198010683,
    "iterations": 200,
    "l2_leaf_reg": 1.3380519218269793
}