{
    "scaler": "standard",
    "num_layers": 6,
    "activation": "tanh",
    "first_layer_size": 192,
    "layer_1_ratio": 0.7666880719011199,
    "layer_2_ratio": 0.48684454075109973,
    "layer_3_ratio": 0.30214812565299837,
    "layer_4_ratio": 0.3606002213732059,
    "layer_5_ratio": 0.7952331653069764,
    "learning_rate": 0.007246302768929668,
    "batch_size": 32,
    "epochs": 71,
    "dropout_rate": 0.3524627613647506,
    "weight_decay": 0.0001088270522618714,
    "batch_norm": false,
    "optimizer": "RMSprop",
    "scheduler": "ExponentialLR",
    "gamma": 0.9130351226782238
}