{
    "scaler": "none",
    "depth": 6,
    "learning_rate": 0.2414554320781304,
    "iterations": 1000,
    "l2_leaf_reg": 3.6102526870615455
}