{
    "scaler": "minmax",
    "alpha": 1.274671157821506,
    "l1_ratio": 0.4461372443656411,
    "max_iter": 2000,
    "tol": 0.0009780337016659412,
    "selection": "random"
}